Longitude,Latitude
-92.22235870399999,13.738282203999972
-92.22235870399999,13.838282203999972
-92.22235870399999,13.938282203999972
-92.22235870399999,14.038282203999971
-92.22235870399999,14.138282203999971
-92.22235870399999,14.23828220399997
-92.22235870399999,14.33828220399997
-92.22235870399999,14.43828220399997
-92.22235870399999,14.53828220399997
-92.22235870399999,14.63828220399997
-92.22235870399999,14.738282203999969
-92.22235870399999,14.838282203999968
-92.22235870399999,14.938282203999968
-92.22235870399999,15.038282203999968
-92.22235870399999,15.138282203999967
-92.22235870399999,15.238282203999967
-92.22235870399999,15.338282203999967
-92.22235870399999,15.438282203999966
-92.22235870399999,15.538282203999966
-92.22235870399999,15.638282203999966
-92.22235870399999,15.738282203999965
-92.22235870399999,15.838282203999965
-92.22235870399999,15.938282203999965
-92.22235870399999,16.038282203999962
-92.22235870399999,16.138282203999964
-92.22235870399999,16.238282203999965
-92.22235870399999,16.338282203999963
-92.22235870399999,16.43828220399996
-92.22235870399999,16.538282203999962
-92.22235870399999,16.638282203999964
-92.22235870399999,16.73828220399996
-92.22235870399999,16.83828220399996
-92.22235870399999,16.93828220399996
-92.22235870399999,17.038282203999962
-92.22235870399999,17.13828220399996
-92.22235870399999,17.238282203999958
-92.22235870399999,17.33828220399996
-92.22235870399999,17.43828220399996
-92.22235870399999,17.53828220399996
-92.22235870399999,17.638282203999957
-92.22235870399999,17.738282203999958
-92.12235870399999,13.738282203999972
-92.12235870399999,13.838282203999972
-92.12235870399999,13.938282203999972
-92.12235870399999,14.038282203999971
-92.12235870399999,14.138282203999971
-92.12235870399999,14.23828220399997
-92.12235870399999,14.33828220399997
-92.12235870399999,14.43828220399997
-92.12235870399999,14.53828220399997
-92.12235870399999,14.63828220399997
-92.12235870399999,14.738282203999969
-92.12235870399999,14.838282203999968
-92.12235870399999,14.938282203999968
-92.12235870399999,15.038282203999968
-92.12235870399999,15.138282203999967
-92.12235870399999,15.238282203999967
-92.12235870399999,15.338282203999967
-92.12235870399999,15.438282203999966
-92.12235870399999,15.538282203999966
-92.12235870399999,15.638282203999966
-92.12235870399999,15.738282203999965
-92.12235870399999,15.838282203999965
-92.12235870399999,15.938282203999965
-92.12235870399999,16.038282203999962
-92.12235870399999,16.138282203999964
-92.12235870399999,16.238282203999965
-92.12235870399999,16.338282203999963
-92.12235870399999,16.43828220399996
-92.12235870399999,16.538282203999962
-92.12235870399999,16.638282203999964
-92.12235870399999,16.73828220399996
-92.12235870399999,16.83828220399996
-92.12235870399999,16.93828220399996
-92.12235870399999,17.038282203999962
-92.12235870399999,17.13828220399996
-92.12235870399999,17.238282203999958
-92.12235870399999,17.33828220399996
-92.12235870399999,17.43828220399996
-92.12235870399999,17.53828220399996
-92.12235870399999,17.638282203999957
-92.12235870399999,17.738282203999958
-92.022358704,13.738282203999972
-92.022358704,13.838282203999972
-92.022358704,13.938282203999972
-92.022358704,14.038282203999971
-92.022358704,14.138282203999971
-92.022358704,14.23828220399997
-92.022358704,14.33828220399997
-92.022358704,14.43828220399997
-92.022358704,14.53828220399997
-92.022358704,14.63828220399997
-92.022358704,14.738282203999969
-92.022358704,14.838282203999968
-92.022358704,14.938282203999968
-92.022358704,15.038282203999968
-92.022358704,15.138282203999967
-92.022358704,15.238282203999967
-92.022358704,15.338282203999967
-92.022358704,15.438282203999966
-92.022358704,15.538282203999966
-92.022358704,15.638282203999966
-92.022358704,15.738282203999965
-92.022358704,15.838282203999965
-92.022358704,15.938282203999965
-92.022358704,16.038282203999962
-92.022358704,16.138282203999964
-92.022358704,16.238282203999965
-92.022358704,16.338282203999963
-92.022358704,16.43828220399996
-92.022358704,16.538282203999962
-92.022358704,16.638282203999964
-92.022358704,16.73828220399996
-92.022358704,16.83828220399996
-92.022358704,16.93828220399996
-92.022358704,17.038282203999962
-92.022358704,17.13828220399996
-92.022358704,17.238282203999958
-92.022358704,17.33828220399996
-92.022358704,17.43828220399996
-92.022358704,17.53828220399996
-92.022358704,17.638282203999957
-92.022358704,17.738282203999958
-91.922358704,13.738282203999972
-91.922358704,13.838282203999972
-91.922358704,13.938282203999972
-91.922358704,14.038282203999971
-91.922358704,14.138282203999971
-91.922358704,14.23828220399997
-91.922358704,14.33828220399997
-91.922358704,14.43828220399997
-91.922358704,14.53828220399997
-91.922358704,14.63828220399997
-91.922358704,14.738282203999969
-91.922358704,14.838282203999968
-91.922358704,14.938282203999968
-91.922358704,15.038282203999968
-91.922358704,15.138282203999967
-91.922358704,15.238282203999967
-91.922358704,15.338282203999967
-91.922358704,15.438282203999966
-91.922358704,15.538282203999966
-91.922358704,15.638282203999966
-91.922358704,15.738282203999965
-91.922358704,15.838282203999965
-91.922358704,15.938282203999965
-91.922358704,16.038282203999962
-91.922358704,16.138282203999964
-91.922358704,16.238282203999965
-91.922358704,16.338282203999963
-91.922358704,16.43828220399996
-91.922358704,16.538282203999962
-91.922358704,16.638282203999964
-91.922358704,16.73828220399996
-91.922358704,16.83828220399996
-91.922358704,16.93828220399996
-91.922358704,17.038282203999962
-91.922358704,17.13828220399996
-91.922358704,17.238282203999958
-91.922358704,17.33828220399996
-91.922358704,17.43828220399996
-91.922358704,17.53828220399996
-91.922358704,17.638282203999957
-91.922358704,17.738282203999958
-91.82235870400001,13.738282203999972
-91.82235870400001,13.838282203999972
-91.82235870400001,13.938282203999972
-91.82235870400001,14.038282203999971
-91.82235870400001,14.138282203999971
-91.82235870400001,14.23828220399997
-91.82235870400001,14.33828220399997
-91.82235870400001,14.43828220399997
-91.82235870400001,14.53828220399997
-91.82235870400001,14.63828220399997
-91.82235870400001,14.738282203999969
-91.82235870400001,14.838282203999968
-91.82235870400001,14.938282203999968
-91.82235870400001,15.038282203999968
-91.82235870400001,15.138282203999967
-91.82235870400001,15.238282203999967
-91.82235870400001,15.338282203999967
-91.82235870400001,15.438282203999966
-91.82235870400001,15.538282203999966
-91.82235870400001,15.638282203999966
-91.82235870400001,15.738282203999965
-91.82235870400001,15.838282203999965
-91.82235870400001,15.938282203999965
-91.82235870400001,16.038282203999962
-91.82235870400001,16.138282203999964
-91.82235870400001,16.238282203999965
-91.82235870400001,16.338282203999963
-91.82235870400001,16.43828220399996
-91.82235870400001,16.538282203999962
-91.82235870400001,16.638282203999964
-91.82235870400001,16.73828220399996
-91.82235870400001,16.83828220399996
-91.82235870400001,16.93828220399996
-91.82235870400001,17.038282203999962
-91.82235870400001,17.13828220399996
-91.82235870400001,17.238282203999958
-91.82235870400001,17.33828220399996
-91.82235870400001,17.43828220399996
-91.82235870400001,17.53828220399996
-91.82235870400001,17.638282203999957
-91.82235870400001,17.738282203999958
-91.72235870400002,13.738282203999972
-91.72235870400002,13.838282203999972
-91.72235870400002,13.938282203999972
-91.72235870400002,14.038282203999971
-91.72235870400002,14.138282203999971
-91.72235870400002,14.23828220399997
-91.72235870400002,14.33828220399997
-91.72235870400002,14.43828220399997
-91.72235870400002,14.53828220399997
-91.72235870400002,14.63828220399997
-91.72235870400002,14.738282203999969
-91.72235870400002,14.838282203999968
-91.72235870400002,14.938282203999968
-91.72235870400002,15.038282203999968
-91.72235870400002,15.138282203999967
-91.72235870400002,15.238282203999967
-91.72235870400002,15.338282203999967
-91.72235870400002,15.438282203999966
-91.72235870400002,15.538282203999966
-91.72235870400002,15.638282203999966
-91.72235870400002,15.738282203999965
-91.72235870400002,15.838282203999965
-91.72235870400002,15.938282203999965
-91.72235870400002,16.038282203999962
-91.72235870400002,16.138282203999964
-91.72235870400002,16.238282203999965
-91.72235870400002,16.338282203999963
-91.72235870400002,16.43828220399996
-91.72235870400002,16.538282203999962
-91.72235870400002,16.638282203999964
-91.72235870400002,16.73828220399996
-91.72235870400002,16.83828220399996
-91.72235870400002,16.93828220399996
-91.72235870400002,17.038282203999962
-91.72235870400002,17.13828220399996
-91.72235870400002,17.238282203999958
-91.72235870400002,17.33828220399996
-91.72235870400002,17.43828220399996
-91.72235870400002,17.53828220399996
-91.72235870400002,17.638282203999957
-91.72235870400002,17.738282203999958
-91.62235870400002,13.738282203999972
-91.62235870400002,13.838282203999972
-91.62235870400002,13.938282203999972
-91.62235870400002,14.038282203999971
-91.62235870400002,14.138282203999971
-91.62235870400002,14.23828220399997
-91.62235870400002,14.33828220399997
-91.62235870400002,14.43828220399997
-91.62235870400002,14.53828220399997
-91.62235870400002,14.63828220399997
-91.62235870400002,14.738282203999969
-91.62235870400002,14.838282203999968
-91.62235870400002,14.938282203999968
-91.62235870400002,15.038282203999968
-91.62235870400002,15.138282203999967
-91.62235870400002,15.238282203999967
-91.62235870400002,15.338282203999967
-91.62235870400002,15.438282203999966
-91.62235870400002,15.538282203999966
-91.62235870400002,15.638282203999966
-91.62235870400002,15.738282203999965
-91.62235870400002,15.838282203999965
-91.62235870400002,15.938282203999965
-91.62235870400002,16.038282203999962
-91.62235870400002,16.138282203999964
-91.62235870400002,16.238282203999965
-91.62235870400002,16.338282203999963
-91.62235870400002,16.43828220399996
-91.62235870400002,16.538282203999962
-91.62235870400002,16.638282203999964
-91.62235870400002,16.73828220399996
-91.62235870400002,16.83828220399996
-91.62235870400002,16.93828220399996
-91.62235870400002,17.038282203999962
-91.62235870400002,17.13828220399996
-91.62235870400002,17.238282203999958
-91.62235870400002,17.33828220399996
-91.62235870400002,17.43828220399996
-91.62235870400002,17.53828220399996
-91.62235870400002,17.638282203999957
-91.62235870400002,17.738282203999958
-91.52235870400003,13.738282203999972
-91.52235870400003,13.838282203999972
-91.52235870400003,13.938282203999972
-91.52235870400003,14.038282203999971
-91.52235870400003,14.138282203999971
-91.52235870400003,14.23828220399997
-91.52235870400003,14.33828220399997
-91.52235870400003,14.43828220399997
-91.52235870400003,14.53828220399997
-91.52235870400003,14.63828220399997
-91.52235870400003,14.738282203999969
-91.52235870400003,14.838282203999968
-91.52235870400003,14.938282203999968
-91.52235870400003,15.038282203999968
-91.52235870400003,15.138282203999967
-91.52235870400003,15.238282203999967
-91.52235870400003,15.338282203999967
-91.52235870400003,15.438282203999966
-91.52235870400003,15.538282203999966
-91.52235870400003,15.638282203999966
-91.52235870400003,15.738282203999965
-91.52235870400003,15.838282203999965
-91.52235870400003,15.938282203999965
-91.52235870400003,16.038282203999962
-91.52235870400003,16.138282203999964
-91.52235870400003,16.238282203999965
-91.52235870400003,16.338282203999963
-91.52235870400003,16.43828220399996
-91.52235870400003,16.538282203999962
-91.52235870400003,16.638282203999964
-91.52235870400003,16.73828220399996
-91.52235870400003,16.83828220399996
-91.52235870400003,16.93828220399996
-91.52235870400003,17.038282203999962
-91.52235870400003,17.13828220399996
-91.52235870400003,17.238282203999958
-91.52235870400003,17.33828220399996
-91.52235870400003,17.43828220399996
-91.52235870400003,17.53828220399996
-91.52235870400003,17.638282203999957
-91.52235870400003,17.738282203999958
-91.42235870400003,13.738282203999972
-91.42235870400003,13.838282203999972
-91.42235870400003,13.938282203999972
-91.42235870400003,14.038282203999971
-91.42235870400003,14.138282203999971
-91.42235870400003,14.23828220399997
-91.42235870400003,14.33828220399997
-91.42235870400003,14.43828220399997
-91.42235870400003,14.53828220399997
-91.42235870400003,14.63828220399997
-91.42235870400003,14.738282203999969
-91.42235870400003,14.838282203999968
-91.42235870400003,14.938282203999968
-91.42235870400003,15.038282203999968
-91.42235870400003,15.138282203999967
-91.42235870400003,15.238282203999967
-91.42235870400003,15.338282203999967
-91.42235870400003,15.438282203999966
-91.42235870400003,15.538282203999966
-91.42235870400003,15.638282203999966
-91.42235870400003,15.738282203999965
-91.42235870400003,15.838282203999965
-91.42235870400003,15.938282203999965
-91.42235870400003,16.038282203999962
-91.42235870400003,16.138282203999964
-91.42235870400003,16.238282203999965
-91.42235870400003,16.338282203999963
-91.42235870400003,16.43828220399996
-91.42235870400003,16.538282203999962
-91.42235870400003,16.638282203999964
-91.42235870400003,16.73828220399996
-91.42235870400003,16.83828220399996
-91.42235870400003,16.93828220399996
-91.42235870400003,17.038282203999962
-91.42235870400003,17.13828220399996
-91.42235870400003,17.238282203999958
-91.42235870400003,17.33828220399996
-91.42235870400003,17.43828220399996
-91.42235870400003,17.53828220399996
-91.42235870400003,17.638282203999957
-91.42235870400003,17.738282203999958
-91.32235870400004,13.738282203999972
-91.32235870400004,13.838282203999972
-91.32235870400004,13.938282203999972
-91.32235870400004,14.038282203999971
-91.32235870400004,14.138282203999971
-91.32235870400004,14.23828220399997
-91.32235870400004,14.33828220399997
-91.32235870400004,14.43828220399997
-91.32235870400004,14.53828220399997
-91.32235870400004,14.63828220399997
-91.32235870400004,14.738282203999969
-91.32235870400004,14.838282203999968
-91.32235870400004,14.938282203999968
-91.32235870400004,15.038282203999968
-91.32235870400004,15.138282203999967
-91.32235870400004,15.238282203999967
-91.32235870400004,15.338282203999967
-91.32235870400004,15.438282203999966
-91.32235870400004,15.538282203999966
-91.32235870400004,15.638282203999966
-91.32235870400004,15.738282203999965
-91.32235870400004,15.838282203999965
-91.32235870400004,15.938282203999965
-91.32235870400004,16.038282203999962
-91.32235870400004,16.138282203999964
-91.32235870400004,16.238282203999965
-91.32235870400004,16.338282203999963
-91.32235870400004,16.43828220399996
-91.32235870400004,16.538282203999962
-91.32235870400004,16.638282203999964
-91.32235870400004,16.73828220399996
-91.32235870400004,16.83828220399996
-91.32235870400004,16.93828220399996
-91.32235870400004,17.038282203999962
-91.32235870400004,17.13828220399996
-91.32235870400004,17.238282203999958
-91.32235870400004,17.33828220399996
-91.32235870400004,17.43828220399996
-91.32235870400004,17.53828220399996
-91.32235870400004,17.638282203999957
-91.32235870400004,17.738282203999958
-91.22235870400004,13.738282203999972
-91.22235870400004,13.838282203999972
-91.22235870400004,13.938282203999972
-91.22235870400004,14.038282203999971
-91.22235870400004,14.138282203999971
-91.22235870400004,14.23828220399997
-91.22235870400004,14.33828220399997
-91.22235870400004,14.43828220399997
-91.22235870400004,14.53828220399997
-91.22235870400004,14.63828220399997
-91.22235870400004,14.738282203999969
-91.22235870400004,14.838282203999968
-91.22235870400004,14.938282203999968
-91.22235870400004,15.038282203999968
-91.22235870400004,15.138282203999967
-91.22235870400004,15.238282203999967
-91.22235870400004,15.338282203999967
-91.22235870400004,15.438282203999966
-91.22235870400004,15.538282203999966
-91.22235870400004,15.638282203999966
-91.22235870400004,15.738282203999965
-91.22235870400004,15.838282203999965
-91.22235870400004,15.938282203999965
-91.22235870400004,16.038282203999962
-91.22235870400004,16.138282203999964
-91.22235870400004,16.238282203999965
-91.22235870400004,16.338282203999963
-91.22235870400004,16.43828220399996
-91.22235870400004,16.538282203999962
-91.22235870400004,16.638282203999964
-91.22235870400004,16.73828220399996
-91.22235870400004,16.83828220399996
-91.22235870400004,16.93828220399996
-91.22235870400004,17.038282203999962
-91.22235870400004,17.13828220399996
-91.22235870400004,17.238282203999958
-91.22235870400004,17.33828220399996
-91.22235870400004,17.43828220399996
-91.22235870400004,17.53828220399996
-91.22235870400004,17.638282203999957
-91.22235870400004,17.738282203999958
-91.12235870400005,13.738282203999972
-91.12235870400005,13.838282203999972
-91.12235870400005,13.938282203999972
-91.12235870400005,14.038282203999971
-91.12235870400005,14.138282203999971
-91.12235870400005,14.23828220399997
-91.12235870400005,14.33828220399997
-91.12235870400005,14.43828220399997
-91.12235870400005,14.53828220399997
-91.12235870400005,14.63828220399997
-91.12235870400005,14.738282203999969
-91.12235870400005,14.838282203999968
-91.12235870400005,14.938282203999968
-91.12235870400005,15.038282203999968
-91.12235870400005,15.138282203999967
-91.12235870400005,15.238282203999967
-91.12235870400005,15.338282203999967
-91.12235870400005,15.438282203999966
-91.12235870400005,15.538282203999966
-91.12235870400005,15.638282203999966
-91.12235870400005,15.738282203999965
-91.12235870400005,15.838282203999965
-91.12235870400005,15.938282203999965
-91.12235870400005,16.038282203999962
-91.12235870400005,16.138282203999964
-91.12235870400005,16.238282203999965
-91.12235870400005,16.338282203999963
-91.12235870400005,16.43828220399996
-91.12235870400005,16.538282203999962
-91.12235870400005,16.638282203999964
-91.12235870400005,16.73828220399996
-91.12235870400005,16.83828220399996
-91.12235870400005,16.93828220399996
-91.12235870400005,17.038282203999962
-91.12235870400005,17.13828220399996
-91.12235870400005,17.238282203999958
-91.12235870400005,17.33828220399996
-91.12235870400005,17.43828220399996
-91.12235870400005,17.53828220399996
-91.12235870400005,17.638282203999957
-91.12235870400005,17.738282203999958
-91.02235870400006,13.738282203999972
-91.02235870400006,13.838282203999972
-91.02235870400006,13.938282203999972
-91.02235870400006,14.038282203999971
-91.02235870400006,14.138282203999971
-91.02235870400006,14.23828220399997
-91.02235870400006,14.33828220399997
-91.02235870400006,14.43828220399997
-91.02235870400006,14.53828220399997
-91.02235870400006,14.63828220399997
-91.02235870400006,14.738282203999969
-91.02235870400006,14.838282203999968
-91.02235870400006,14.938282203999968
-91.02235870400006,15.038282203999968
-91.02235870400006,15.138282203999967
-91.02235870400006,15.238282203999967
-91.02235870400006,15.338282203999967
-91.02235870400006,15.438282203999966
-91.02235870400006,15.538282203999966
-91.02235870400006,15.638282203999966
-91.02235870400006,15.738282203999965
-91.02235870400006,15.838282203999965
-91.02235870400006,15.938282203999965
-91.02235870400006,16.038282203999962
-91.02235870400006,16.138282203999964
-91.02235870400006,16.238282203999965
-91.02235870400006,16.338282203999963
-91.02235870400006,16.43828220399996
-91.02235870400006,16.538282203999962
-91.02235870400006,16.638282203999964
-91.02235870400006,16.73828220399996
-91.02235870400006,16.83828220399996
-91.02235870400006,16.93828220399996
-91.02235870400006,17.038282203999962
-91.02235870400006,17.13828220399996
-91.02235870400006,17.238282203999958
-91.02235870400006,17.33828220399996
-91.02235870400006,17.43828220399996
-91.02235870400006,17.53828220399996
-91.02235870400006,17.638282203999957
-91.02235870400006,17.738282203999958
-90.92235870400006,13.738282203999972
-90.92235870400006,13.838282203999972
-90.92235870400006,13.938282203999972
-90.92235870400006,14.038282203999971
-90.92235870400006,14.138282203999971
-90.92235870400006,14.23828220399997
-90.92235870400006,14.33828220399997
-90.92235870400006,14.43828220399997
-90.92235870400006,14.53828220399997
-90.92235870400006,14.63828220399997
-90.92235870400006,14.738282203999969
-90.92235870400006,14.838282203999968
-90.92235870400006,14.938282203999968
-90.92235870400006,15.038282203999968
-90.92235870400006,15.138282203999967
-90.92235870400006,15.238282203999967
-90.92235870400006,15.338282203999967
-90.92235870400006,15.438282203999966
-90.92235870400006,15.538282203999966
-90.92235870400006,15.638282203999966
-90.92235870400006,15.738282203999965
-90.92235870400006,15.838282203999965
-90.92235870400006,15.938282203999965
-90.92235870400006,16.038282203999962
-90.92235870400006,16.138282203999964
-90.92235870400006,16.238282203999965
-90.92235870400006,16.338282203999963
-90.92235870400006,16.43828220399996
-90.92235870400006,16.538282203999962
-90.92235870400006,16.638282203999964
-90.92235870400006,16.73828220399996
-90.92235870400006,16.83828220399996
-90.92235870400006,16.93828220399996
-90.92235870400006,17.038282203999962
-90.92235870400006,17.13828220399996
-90.92235870400006,17.238282203999958
-90.92235870400006,17.33828220399996
-90.92235870400006,17.43828220399996
-90.92235870400006,17.53828220399996
-90.92235870400006,17.638282203999957
-90.92235870400006,17.738282203999958
-90.82235870400007,13.738282203999972
-90.82235870400007,13.838282203999972
-90.82235870400007,13.938282203999972
-90.82235870400007,14.038282203999971
-90.82235870400007,14.138282203999971
-90.82235870400007,14.23828220399997
-90.82235870400007,14.33828220399997
-90.82235870400007,14.43828220399997
-90.82235870400007,14.53828220399997
-90.82235870400007,14.63828220399997
-90.82235870400007,14.738282203999969
-90.82235870400007,14.838282203999968
-90.82235870400007,14.938282203999968
-90.82235870400007,15.038282203999968
-90.82235870400007,15.138282203999967
-90.82235870400007,15.238282203999967
-90.82235870400007,15.338282203999967
-90.82235870400007,15.438282203999966
-90.82235870400007,15.538282203999966
-90.82235870400007,15.638282203999966
-90.82235870400007,15.738282203999965
-90.82235870400007,15.838282203999965
-90.82235870400007,15.938282203999965
-90.82235870400007,16.038282203999962
-90.82235870400007,16.138282203999964
-90.82235870400007,16.238282203999965
-90.82235870400007,16.338282203999963
-90.82235870400007,16.43828220399996
-90.82235870400007,16.538282203999962
-90.82235870400007,16.638282203999964
-90.82235870400007,16.73828220399996
-90.82235870400007,16.83828220399996
-90.82235870400007,16.93828220399996
-90.82235870400007,17.038282203999962
-90.82235870400007,17.13828220399996
-90.82235870400007,17.238282203999958
-90.82235870400007,17.33828220399996
-90.82235870400007,17.43828220399996
-90.82235870400007,17.53828220399996
-90.82235870400007,17.638282203999957
-90.82235870400007,17.738282203999958
-90.72235870400007,13.738282203999972
-90.72235870400007,13.838282203999972
-90.72235870400007,13.938282203999972
-90.72235870400007,14.038282203999971
-90.72235870400007,14.138282203999971
-90.72235870400007,14.23828220399997
-90.72235870400007,14.33828220399997
-90.72235870400007,14.43828220399997
-90.72235870400007,14.53828220399997
-90.72235870400007,14.63828220399997
-90.72235870400007,14.738282203999969
-90.72235870400007,14.838282203999968
-90.72235870400007,14.938282203999968
-90.72235870400007,15.038282203999968
-90.72235870400007,15.138282203999967
-90.72235870400007,15.238282203999967
-90.72235870400007,15.338282203999967
-90.72235870400007,15.438282203999966
-90.72235870400007,15.538282203999966
-90.72235870400007,15.638282203999966
-90.72235870400007,15.738282203999965
-90.72235870400007,15.838282203999965
-90.72235870400007,15.938282203999965
-90.72235870400007,16.038282203999962
-90.72235870400007,16.138282203999964
-90.72235870400007,16.238282203999965
-90.72235870400007,16.338282203999963
-90.72235870400007,16.43828220399996
-90.72235870400007,16.538282203999962
-90.72235870400007,16.638282203999964
-90.72235870400007,16.73828220399996
-90.72235870400007,16.83828220399996
-90.72235870400007,16.93828220399996
-90.72235870400007,17.038282203999962
-90.72235870400007,17.13828220399996
-90.72235870400007,17.238282203999958
-90.72235870400007,17.33828220399996
-90.72235870400007,17.43828220399996
-90.72235870400007,17.53828220399996
-90.72235870400007,17.638282203999957
-90.72235870400007,17.738282203999958
-90.62235870400008,13.738282203999972
-90.62235870400008,13.838282203999972
-90.62235870400008,13.938282203999972
-90.62235870400008,14.038282203999971
-90.62235870400008,14.138282203999971
-90.62235870400008,14.23828220399997
-90.62235870400008,14.33828220399997
-90.62235870400008,14.43828220399997
-90.62235870400008,14.53828220399997
-90.62235870400008,14.63828220399997
-90.62235870400008,14.738282203999969
-90.62235870400008,14.838282203999968
-90.62235870400008,14.938282203999968
-90.62235870400008,15.038282203999968
-90.62235870400008,15.138282203999967
-90.62235870400008,15.238282203999967
-90.62235870400008,15.338282203999967
-90.62235870400008,15.438282203999966
-90.62235870400008,15.538282203999966
-90.62235870400008,15.638282203999966
-90.62235870400008,15.738282203999965
-90.62235870400008,15.838282203999965
-90.62235870400008,15.938282203999965
-90.62235870400008,16.038282203999962
-90.62235870400008,16.138282203999964
-90.62235870400008,16.238282203999965
-90.62235870400008,16.338282203999963
-90.62235870400008,16.43828220399996
-90.62235870400008,16.538282203999962
-90.62235870400008,16.638282203999964
-90.62235870400008,16.73828220399996
-90.62235870400008,16.83828220399996
-90.62235870400008,16.93828220399996
-90.62235870400008,17.038282203999962
-90.62235870400008,17.13828220399996
-90.62235870400008,17.238282203999958
-90.62235870400008,17.33828220399996
-90.62235870400008,17.43828220399996
-90.62235870400008,17.53828220399996
-90.62235870400008,17.638282203999957
-90.62235870400008,17.738282203999958
-90.52235870400008,13.738282203999972
-90.52235870400008,13.838282203999972
-90.52235870400008,13.938282203999972
-90.52235870400008,14.038282203999971
-90.52235870400008,14.138282203999971
-90.52235870400008,14.23828220399997
-90.52235870400008,14.33828220399997
-90.52235870400008,14.43828220399997
-90.52235870400008,14.53828220399997
-90.52235870400008,14.63828220399997
-90.52235870400008,14.738282203999969
-90.52235870400008,14.838282203999968
-90.52235870400008,14.938282203999968
-90.52235870400008,15.038282203999968
-90.52235870400008,15.138282203999967
-90.52235870400008,15.238282203999967
-90.52235870400008,15.338282203999967
-90.52235870400008,15.438282203999966
-90.52235870400008,15.538282203999966
-90.52235870400008,15.638282203999966
-90.52235870400008,15.738282203999965
-90.52235870400008,15.838282203999965
-90.52235870400008,15.938282203999965
-90.52235870400008,16.038282203999962
-90.52235870400008,16.138282203999964
-90.52235870400008,16.238282203999965
-90.52235870400008,16.338282203999963
-90.52235870400008,16.43828220399996
-90.52235870400008,16.538282203999962
-90.52235870400008,16.638282203999964
-90.52235870400008,16.73828220399996
-90.52235870400008,16.83828220399996
-90.52235870400008,16.93828220399996
-90.52235870400008,17.038282203999962
-90.52235870400008,17.13828220399996
-90.52235870400008,17.238282203999958
-90.52235870400008,17.33828220399996
-90.52235870400008,17.43828220399996
-90.52235870400008,17.53828220399996
-90.52235870400008,17.638282203999957
-90.52235870400008,17.738282203999958
-90.42235870400009,13.738282203999972
-90.42235870400009,13.838282203999972
-90.42235870400009,13.938282203999972
-90.42235870400009,14.038282203999971
-90.42235870400009,14.138282203999971
-90.42235870400009,14.23828220399997
-90.42235870400009,14.33828220399997
-90.42235870400009,14.43828220399997
-90.42235870400009,14.53828220399997
-90.42235870400009,14.63828220399997
-90.42235870400009,14.738282203999969
-90.42235870400009,14.838282203999968
-90.42235870400009,14.938282203999968
-90.42235870400009,15.038282203999968
-90.42235870400009,15.138282203999967
-90.42235870400009,15.238282203999967
-90.42235870400009,15.338282203999967
-90.42235870400009,15.438282203999966
-90.42235870400009,15.538282203999966
-90.42235870400009,15.638282203999966
-90.42235870400009,15.738282203999965
-90.42235870400009,15.838282203999965
-90.42235870400009,15.938282203999965
-90.42235870400009,16.038282203999962
-90.42235870400009,16.138282203999964
-90.42235870400009,16.238282203999965
-90.42235870400009,16.338282203999963
-90.42235870400009,16.43828220399996
-90.42235870400009,16.538282203999962
-90.42235870400009,16.638282203999964
-90.42235870400009,16.73828220399996
-90.42235870400009,16.83828220399996
-90.42235870400009,16.93828220399996
-90.42235870400009,17.038282203999962
-90.42235870400009,17.13828220399996
-90.42235870400009,17.238282203999958
-90.42235870400009,17.33828220399996
-90.42235870400009,17.43828220399996
-90.42235870400009,17.53828220399996
-90.42235870400009,17.638282203999957
-90.42235870400009,17.738282203999958
-90.3223587040001,13.738282203999972
-90.3223587040001,13.838282203999972
-90.3223587040001,13.938282203999972
-90.3223587040001,14.038282203999971
-90.3223587040001,14.138282203999971
-90.3223587040001,14.23828220399997
-90.3223587040001,14.33828220399997
-90.3223587040001,14.43828220399997
-90.3223587040001,14.53828220399997
-90.3223587040001,14.63828220399997
-90.3223587040001,14.738282203999969
-90.3223587040001,14.838282203999968
-90.3223587040001,14.938282203999968
-90.3223587040001,15.038282203999968
-90.3223587040001,15.138282203999967
-90.3223587040001,15.238282203999967
-90.3223587040001,15.338282203999967
-90.3223587040001,15.438282203999966
-90.3223587040001,15.538282203999966
-90.3223587040001,15.638282203999966
-90.3223587040001,15.738282203999965
-90.3223587040001,15.838282203999965
-90.3223587040001,15.938282203999965
-90.3223587040001,16.038282203999962
-90.3223587040001,16.138282203999964
-90.3223587040001,16.238282203999965
-90.3223587040001,16.338282203999963
-90.3223587040001,16.43828220399996
-90.3223587040001,16.538282203999962
-90.3223587040001,16.638282203999964
-90.3223587040001,16.73828220399996
-90.3223587040001,16.83828220399996
-90.3223587040001,16.93828220399996
-90.3223587040001,17.038282203999962
-90.3223587040001,17.13828220399996
-90.3223587040001,17.238282203999958
-90.3223587040001,17.33828220399996
-90.3223587040001,17.43828220399996
-90.3223587040001,17.53828220399996
-90.3223587040001,17.638282203999957
-90.3223587040001,17.738282203999958
-90.2223587040001,13.738282203999972
-90.2223587040001,13.838282203999972
-90.2223587040001,13.938282203999972
-90.2223587040001,14.038282203999971
-90.2223587040001,14.138282203999971
-90.2223587040001,14.23828220399997
-90.2223587040001,14.33828220399997
-90.2223587040001,14.43828220399997
-90.2223587040001,14.53828220399997
-90.2223587040001,14.63828220399997
-90.2223587040001,14.738282203999969
-90.2223587040001,14.838282203999968
-90.2223587040001,14.938282203999968
-90.2223587040001,15.038282203999968
-90.2223587040001,15.138282203999967
-90.2223587040001,15.238282203999967
-90.2223587040001,15.338282203999967
-90.2223587040001,15.438282203999966
-90.2223587040001,15.538282203999966
-90.2223587040001,15.638282203999966
-90.2223587040001,15.738282203999965
-90.2223587040001,15.838282203999965
-90.2223587040001,15.938282203999965
-90.2223587040001,16.038282203999962
-90.2223587040001,16.138282203999964
-90.2223587040001,16.238282203999965
-90.2223587040001,16.338282203999963
-90.2223587040001,16.43828220399996
-90.2223587040001,16.538282203999962
-90.2223587040001,16.638282203999964
-90.2223587040001,16.73828220399996
-90.2223587040001,16.83828220399996
-90.2223587040001,16.93828220399996
-90.2223587040001,17.038282203999962
-90.2223587040001,17.13828220399996
-90.2223587040001,17.238282203999958
-90.2223587040001,17.33828220399996
-90.2223587040001,17.43828220399996
-90.2223587040001,17.53828220399996
-90.2223587040001,17.638282203999957
-90.2223587040001,17.738282203999958
-90.1223587040001,13.738282203999972
-90.1223587040001,13.838282203999972
-90.1223587040001,13.938282203999972
-90.1223587040001,14.038282203999971
-90.1223587040001,14.138282203999971
-90.1223587040001,14.23828220399997
-90.1223587040001,14.33828220399997
-90.1223587040001,14.43828220399997
-90.1223587040001,14.53828220399997
-90.1223587040001,14.63828220399997
-90.1223587040001,14.738282203999969
-90.1223587040001,14.838282203999968
-90.1223587040001,14.938282203999968
-90.1223587040001,15.038282203999968
-90.1223587040001,15.138282203999967
-90.1223587040001,15.238282203999967
-90.1223587040001,15.338282203999967
-90.1223587040001,15.438282203999966
-90.1223587040001,15.538282203999966
-90.1223587040001,15.638282203999966
-90.1223587040001,15.738282203999965
-90.1223587040001,15.838282203999965
-90.1223587040001,15.938282203999965
-90.1223587040001,16.038282203999962
-90.1223587040001,16.138282203999964
-90.1223587040001,16.238282203999965
-90.1223587040001,16.338282203999963
-90.1223587040001,16.43828220399996
-90.1223587040001,16.538282203999962
-90.1223587040001,16.638282203999964
-90.1223587040001,16.73828220399996
-90.1223587040001,16.83828220399996
-90.1223587040001,16.93828220399996
-90.1223587040001,17.038282203999962
-90.1223587040001,17.13828220399996
-90.1223587040001,17.238282203999958
-90.1223587040001,17.33828220399996
-90.1223587040001,17.43828220399996
-90.1223587040001,17.53828220399996
-90.1223587040001,17.638282203999957
-90.1223587040001,17.738282203999958
-90.02235870400011,13.738282203999972
-90.02235870400011,13.838282203999972
-90.02235870400011,13.938282203999972
-90.02235870400011,14.038282203999971
-90.02235870400011,14.138282203999971
-90.02235870400011,14.23828220399997
-90.02235870400011,14.33828220399997
-90.02235870400011,14.43828220399997
-90.02235870400011,14.53828220399997
-90.02235870400011,14.63828220399997
-90.02235870400011,14.738282203999969
-90.02235870400011,14.838282203999968
-90.02235870400011,14.938282203999968
-90.02235870400011,15.038282203999968
-90.02235870400011,15.138282203999967
-90.02235870400011,15.238282203999967
-90.02235870400011,15.338282203999967
-90.02235870400011,15.438282203999966
-90.02235870400011,15.538282203999966
-90.02235870400011,15.638282203999966
-90.02235870400011,15.738282203999965
-90.02235870400011,15.838282203999965
-90.02235870400011,15.938282203999965
-90.02235870400011,16.038282203999962
-90.02235870400011,16.138282203999964
-90.02235870400011,16.238282203999965
-90.02235870400011,16.338282203999963
-90.02235870400011,16.43828220399996
-90.02235870400011,16.538282203999962
-90.02235870400011,16.638282203999964
-90.02235870400011,16.73828220399996
-90.02235870400011,16.83828220399996
-90.02235870400011,16.93828220399996
-90.02235870400011,17.038282203999962
-90.02235870400011,17.13828220399996
-90.02235870400011,17.238282203999958
-90.02235870400011,17.33828220399996
-90.02235870400011,17.43828220399996
-90.02235870400011,17.53828220399996
-90.02235870400011,17.638282203999957
-90.02235870400011,17.738282203999958
-89.92235870400012,13.738282203999972
-89.92235870400012,13.838282203999972
-89.92235870400012,13.938282203999972
-89.92235870400012,14.038282203999971
-89.92235870400012,14.138282203999971
-89.92235870400012,14.23828220399997
-89.92235870400012,14.33828220399997
-89.92235870400012,14.43828220399997
-89.92235870400012,14.53828220399997
-89.92235870400012,14.63828220399997
-89.92235870400012,14.738282203999969
-89.92235870400012,14.838282203999968
-89.92235870400012,14.938282203999968
-89.92235870400012,15.038282203999968
-89.92235870400012,15.138282203999967
-89.92235870400012,15.238282203999967
-89.92235870400012,15.338282203999967
-89.92235870400012,15.438282203999966
-89.92235870400012,15.538282203999966
-89.92235870400012,15.638282203999966
-89.92235870400012,15.738282203999965
-89.92235870400012,15.838282203999965
-89.92235870400012,15.938282203999965
-89.92235870400012,16.038282203999962
-89.92235870400012,16.138282203999964
-89.92235870400012,16.238282203999965
-89.92235870400012,16.338282203999963
-89.92235870400012,16.43828220399996
-89.92235870400012,16.538282203999962
-89.92235870400012,16.638282203999964
-89.92235870400012,16.73828220399996
-89.92235870400012,16.83828220399996
-89.92235870400012,16.93828220399996
-89.92235870400012,17.038282203999962
-89.92235870400012,17.13828220399996
-89.92235870400012,17.238282203999958
-89.92235870400012,17.33828220399996
-89.92235870400012,17.43828220399996
-89.92235870400012,17.53828220399996
-89.92235870400012,17.638282203999957
-89.92235870400012,17.738282203999958
-89.82235870400012,13.738282203999972
-89.82235870400012,13.838282203999972
-89.82235870400012,13.938282203999972
-89.82235870400012,14.038282203999971
-89.82235870400012,14.138282203999971
-89.82235870400012,14.23828220399997
-89.82235870400012,14.33828220399997
-89.82235870400012,14.43828220399997
-89.82235870400012,14.53828220399997
-89.82235870400012,14.63828220399997
-89.82235870400012,14.738282203999969
-89.82235870400012,14.838282203999968
-89.82235870400012,14.938282203999968
-89.82235870400012,15.038282203999968
-89.82235870400012,15.138282203999967
-89.82235870400012,15.238282203999967
-89.82235870400012,15.338282203999967
-89.82235870400012,15.438282203999966
-89.82235870400012,15.538282203999966
-89.82235870400012,15.638282203999966
-89.82235870400012,15.738282203999965
-89.82235870400012,15.838282203999965
-89.82235870400012,15.938282203999965
-89.82235870400012,16.038282203999962
-89.82235870400012,16.138282203999964
-89.82235870400012,16.238282203999965
-89.82235870400012,16.338282203999963
-89.82235870400012,16.43828220399996
-89.82235870400012,16.538282203999962
-89.82235870400012,16.638282203999964
-89.82235870400012,16.73828220399996
-89.82235870400012,16.83828220399996
-89.82235870400012,16.93828220399996
-89.82235870400012,17.038282203999962
-89.82235870400012,17.13828220399996
-89.82235870400012,17.238282203999958
-89.82235870400012,17.33828220399996
-89.82235870400012,17.43828220399996
-89.82235870400012,17.53828220399996
-89.82235870400012,17.638282203999957
-89.82235870400012,17.738282203999958
-89.72235870400013,13.738282203999972
-89.72235870400013,13.838282203999972
-89.72235870400013,13.938282203999972
-89.72235870400013,14.038282203999971
-89.72235870400013,14.138282203999971
-89.72235870400013,14.23828220399997
-89.72235870400013,14.33828220399997
-89.72235870400013,14.43828220399997
-89.72235870400013,14.53828220399997
-89.72235870400013,14.63828220399997
-89.72235870400013,14.738282203999969
-89.72235870400013,14.838282203999968
-89.72235870400013,14.938282203999968
-89.72235870400013,15.038282203999968
-89.72235870400013,15.138282203999967
-89.72235870400013,15.238282203999967
-89.72235870400013,15.338282203999967
-89.72235870400013,15.438282203999966
-89.72235870400013,15.538282203999966
-89.72235870400013,15.638282203999966
-89.72235870400013,15.738282203999965
-89.72235870400013,15.838282203999965
-89.72235870400013,15.938282203999965
-89.72235870400013,16.038282203999962
-89.72235870400013,16.138282203999964
-89.72235870400013,16.238282203999965
-89.72235870400013,16.338282203999963
-89.72235870400013,16.43828220399996
-89.72235870400013,16.538282203999962
-89.72235870400013,16.638282203999964
-89.72235870400013,16.73828220399996
-89.72235870400013,16.83828220399996
-89.72235870400013,16.93828220399996
-89.72235870400013,17.038282203999962
-89.72235870400013,17.13828220399996
-89.72235870400013,17.238282203999958
-89.72235870400013,17.33828220399996
-89.72235870400013,17.43828220399996
-89.72235870400013,17.53828220399996
-89.72235870400013,17.638282203999957
-89.72235870400013,17.738282203999958
-89.62235870400013,13.738282203999972
-89.62235870400013,13.838282203999972
-89.62235870400013,13.938282203999972
-89.62235870400013,14.038282203999971
-89.62235870400013,14.138282203999971
-89.62235870400013,14.23828220399997
-89.62235870400013,14.33828220399997
-89.62235870400013,14.43828220399997
-89.62235870400013,14.53828220399997
-89.62235870400013,14.63828220399997
-89.62235870400013,14.738282203999969
-89.62235870400013,14.838282203999968
-89.62235870400013,14.938282203999968
-89.62235870400013,15.038282203999968
-89.62235870400013,15.138282203999967
-89.62235870400013,15.238282203999967
-89.62235870400013,15.338282203999967
-89.62235870400013,15.438282203999966
-89.62235870400013,15.538282203999966
-89.62235870400013,15.638282203999966
-89.62235870400013,15.738282203999965
-89.62235870400013,15.838282203999965
-89.62235870400013,15.938282203999965
-89.62235870400013,16.038282203999962
-89.62235870400013,16.138282203999964
-89.62235870400013,16.238282203999965
-89.62235870400013,16.338282203999963
-89.62235870400013,16.43828220399996
-89.62235870400013,16.538282203999962
-89.62235870400013,16.638282203999964
-89.62235870400013,16.73828220399996
-89.62235870400013,16.83828220399996
-89.62235870400013,16.93828220399996
-89.62235870400013,17.038282203999962
-89.62235870400013,17.13828220399996
-89.62235870400013,17.238282203999958
-89.62235870400013,17.33828220399996
-89.62235870400013,17.43828220399996
-89.62235870400013,17.53828220399996
-89.62235870400013,17.638282203999957
-89.62235870400013,17.738282203999958
-89.52235870400014,13.738282203999972
-89.52235870400014,13.838282203999972
-89.52235870400014,13.938282203999972
-89.52235870400014,14.038282203999971
-89.52235870400014,14.138282203999971
-89.52235870400014,14.23828220399997
-89.52235870400014,14.33828220399997
-89.52235870400014,14.43828220399997
-89.52235870400014,14.53828220399997
-89.52235870400014,14.63828220399997
-89.52235870400014,14.738282203999969
-89.52235870400014,14.838282203999968
-89.52235870400014,14.938282203999968
-89.52235870400014,15.038282203999968
-89.52235870400014,15.138282203999967
-89.52235870400014,15.238282203999967
-89.52235870400014,15.338282203999967
-89.52235870400014,15.438282203999966
-89.52235870400014,15.538282203999966
-89.52235870400014,15.638282203999966
-89.52235870400014,15.738282203999965
-89.52235870400014,15.838282203999965
-89.52235870400014,15.938282203999965
-89.52235870400014,16.038282203999962
-89.52235870400014,16.138282203999964
-89.52235870400014,16.238282203999965
-89.52235870400014,16.338282203999963
-89.52235870400014,16.43828220399996
-89.52235870400014,16.538282203999962
-89.52235870400014,16.638282203999964
-89.52235870400014,16.73828220399996
-89.52235870400014,16.83828220399996
-89.52235870400014,16.93828220399996
-89.52235870400014,17.038282203999962
-89.52235870400014,17.13828220399996
-89.52235870400014,17.238282203999958
-89.52235870400014,17.33828220399996
-89.52235870400014,17.43828220399996
-89.52235870400014,17.53828220399996
-89.52235870400014,17.638282203999957
-89.52235870400014,17.738282203999958
-89.42235870400015,13.738282203999972
-89.42235870400015,13.838282203999972
-89.42235870400015,13.938282203999972
-89.42235870400015,14.038282203999971
-89.42235870400015,14.138282203999971
-89.42235870400015,14.23828220399997
-89.42235870400015,14.33828220399997
-89.42235870400015,14.43828220399997
-89.42235870400015,14.53828220399997
-89.42235870400015,14.63828220399997
-89.42235870400015,14.738282203999969
-89.42235870400015,14.838282203999968
-89.42235870400015,14.938282203999968
-89.42235870400015,15.038282203999968
-89.42235870400015,15.138282203999967
-89.42235870400015,15.238282203999967
-89.42235870400015,15.338282203999967
-89.42235870400015,15.438282203999966
-89.42235870400015,15.538282203999966
-89.42235870400015,15.638282203999966
-89.42235870400015,15.738282203999965
-89.42235870400015,15.838282203999965
-89.42235870400015,15.938282203999965
-89.42235870400015,16.038282203999962
-89.42235870400015,16.138282203999964
-89.42235870400015,16.238282203999965
-89.42235870400015,16.338282203999963
-89.42235870400015,16.43828220399996
-89.42235870400015,16.538282203999962
-89.42235870400015,16.638282203999964
-89.42235870400015,16.73828220399996
-89.42235870400015,16.83828220399996
-89.42235870400015,16.93828220399996
-89.42235870400015,17.038282203999962
-89.42235870400015,17.13828220399996
-89.42235870400015,17.238282203999958
-89.42235870400015,17.33828220399996
-89.42235870400015,17.43828220399996
-89.42235870400015,17.53828220399996
-89.42235870400015,17.638282203999957
-89.42235870400015,17.738282203999958
-89.32235870400015,13.738282203999972
-89.32235870400015,13.838282203999972
-89.32235870400015,13.938282203999972
-89.32235870400015,14.038282203999971
-89.32235870400015,14.138282203999971
-89.32235870400015,14.23828220399997
-89.32235870400015,14.33828220399997
-89.32235870400015,14.43828220399997
-89.32235870400015,14.53828220399997
-89.32235870400015,14.63828220399997
-89.32235870400015,14.738282203999969
-89.32235870400015,14.838282203999968
-89.32235870400015,14.938282203999968
-89.32235870400015,15.038282203999968
-89.32235870400015,15.138282203999967
-89.32235870400015,15.238282203999967
-89.32235870400015,15.338282203999967
-89.32235870400015,15.438282203999966
-89.32235870400015,15.538282203999966
-89.32235870400015,15.638282203999966
-89.32235870400015,15.738282203999965
-89.32235870400015,15.838282203999965
-89.32235870400015,15.938282203999965
-89.32235870400015,16.038282203999962
-89.32235870400015,16.138282203999964
-89.32235870400015,16.238282203999965
-89.32235870400015,16.338282203999963
-89.32235870400015,16.43828220399996
-89.32235870400015,16.538282203999962
-89.32235870400015,16.638282203999964
-89.32235870400015,16.73828220399996
-89.32235870400015,16.83828220399996
-89.32235870400015,16.93828220399996
-89.32235870400015,17.038282203999962
-89.32235870400015,17.13828220399996
-89.32235870400015,17.238282203999958
-89.32235870400015,17.33828220399996
-89.32235870400015,17.43828220399996
-89.32235870400015,17.53828220399996
-89.32235870400015,17.638282203999957
-89.32235870400015,17.738282203999958
-89.22235870400016,13.738282203999972
-89.22235870400016,13.838282203999972
-89.22235870400016,13.938282203999972
-89.22235870400016,14.038282203999971
-89.22235870400016,14.138282203999971
-89.22235870400016,14.23828220399997
-89.22235870400016,14.33828220399997
-89.22235870400016,14.43828220399997
-89.22235870400016,14.53828220399997
-89.22235870400016,14.63828220399997
-89.22235870400016,14.738282203999969
-89.22235870400016,14.838282203999968
-89.22235870400016,14.938282203999968
-89.22235870400016,15.038282203999968
-89.22235870400016,15.138282203999967
-89.22235870400016,15.238282203999967
-89.22235870400016,15.338282203999967
-89.22235870400016,15.438282203999966
-89.22235870400016,15.538282203999966
-89.22235870400016,15.638282203999966
-89.22235870400016,15.738282203999965
-89.22235870400016,15.838282203999965
-89.22235870400016,15.938282203999965
-89.22235870400016,16.038282203999962
-89.22235870400016,16.138282203999964
-89.22235870400016,16.238282203999965
-89.22235870400016,16.338282203999963
-89.22235870400016,16.43828220399996
-89.22235870400016,16.538282203999962
-89.22235870400016,16.638282203999964
-89.22235870400016,16.73828220399996
-89.22235870400016,16.83828220399996
-89.22235870400016,16.93828220399996
-89.22235870400016,17.038282203999962
-89.22235870400016,17.13828220399996
-89.22235870400016,17.238282203999958
-89.22235870400016,17.33828220399996
-89.22235870400016,17.43828220399996
-89.22235870400016,17.53828220399996
-89.22235870400016,17.638282203999957
-89.22235870400016,17.738282203999958
-89.12235870400016,13.738282203999972
-89.12235870400016,13.838282203999972
-89.12235870400016,13.938282203999972
-89.12235870400016,14.038282203999971
-89.12235870400016,14.138282203999971
-89.12235870400016,14.23828220399997
-89.12235870400016,14.33828220399997
-89.12235870400016,14.43828220399997
-89.12235870400016,14.53828220399997
-89.12235870400016,14.63828220399997
-89.12235870400016,14.738282203999969
-89.12235870400016,14.838282203999968
-89.12235870400016,14.938282203999968
-89.12235870400016,15.038282203999968
-89.12235870400016,15.138282203999967
-89.12235870400016,15.238282203999967
-89.12235870400016,15.338282203999967
-89.12235870400016,15.438282203999966
-89.12235870400016,15.538282203999966
-89.12235870400016,15.638282203999966
-89.12235870400016,15.738282203999965
-89.12235870400016,15.838282203999965
-89.12235870400016,15.938282203999965
-89.12235870400016,16.038282203999962
-89.12235870400016,16.138282203999964
-89.12235870400016,16.238282203999965
-89.12235870400016,16.338282203999963
-89.12235870400016,16.43828220399996
-89.12235870400016,16.538282203999962
-89.12235870400016,16.638282203999964
-89.12235870400016,16.73828220399996
-89.12235870400016,16.83828220399996
-89.12235870400016,16.93828220399996
-89.12235870400016,17.038282203999962
-89.12235870400016,17.13828220399996
-89.12235870400016,17.238282203999958
-89.12235870400016,17.33828220399996
-89.12235870400016,17.43828220399996
-89.12235870400016,17.53828220399996
-89.12235870400016,17.638282203999957
-89.12235870400016,17.738282203999958
-89.02235870400017,13.738282203999972
-89.02235870400017,13.838282203999972
-89.02235870400017,13.938282203999972
-89.02235870400017,14.038282203999971
-89.02235870400017,14.138282203999971
-89.02235870400017,14.23828220399997
-89.02235870400017,14.33828220399997
-89.02235870400017,14.43828220399997
-89.02235870400017,14.53828220399997
-89.02235870400017,14.63828220399997
-89.02235870400017,14.738282203999969
-89.02235870400017,14.838282203999968
-89.02235870400017,14.938282203999968
-89.02235870400017,15.038282203999968
-89.02235870400017,15.138282203999967
-89.02235870400017,15.238282203999967
-89.02235870400017,15.338282203999967
-89.02235870400017,15.438282203999966
-89.02235870400017,15.538282203999966
-89.02235870400017,15.638282203999966
-89.02235870400017,15.738282203999965
-89.02235870400017,15.838282203999965
-89.02235870400017,15.938282203999965
-89.02235870400017,16.038282203999962
-89.02235870400017,16.138282203999964
-89.02235870400017,16.238282203999965
-89.02235870400017,16.338282203999963
-89.02235870400017,16.43828220399996
-89.02235870400017,16.538282203999962
-89.02235870400017,16.638282203999964
-89.02235870400017,16.73828220399996
-89.02235870400017,16.83828220399996
-89.02235870400017,16.93828220399996
-89.02235870400017,17.038282203999962
-89.02235870400017,17.13828220399996
-89.02235870400017,17.238282203999958
-89.02235870400017,17.33828220399996
-89.02235870400017,17.43828220399996
-89.02235870400017,17.53828220399996
-89.02235870400017,17.638282203999957
-89.02235870400017,17.738282203999958
-88.92235870400017,13.738282203999972
-88.92235870400017,13.838282203999972
-88.92235870400017,13.938282203999972
-88.92235870400017,14.038282203999971
-88.92235870400017,14.138282203999971
-88.92235870400017,14.23828220399997
-88.92235870400017,14.33828220399997
-88.92235870400017,14.43828220399997
-88.92235870400017,14.53828220399997
-88.92235870400017,14.63828220399997
-88.92235870400017,14.738282203999969
-88.92235870400017,14.838282203999968
-88.92235870400017,14.938282203999968
-88.92235870400017,15.038282203999968
-88.92235870400017,15.138282203999967
-88.92235870400017,15.238282203999967
-88.92235870400017,15.338282203999967
-88.92235870400017,15.438282203999966
-88.92235870400017,15.538282203999966
-88.92235870400017,15.638282203999966
-88.92235870400017,15.738282203999965
-88.92235870400017,15.838282203999965
-88.92235870400017,15.938282203999965
-88.92235870400017,16.038282203999962
-88.92235870400017,16.138282203999964
-88.92235870400017,16.238282203999965
-88.92235870400017,16.338282203999963
-88.92235870400017,16.43828220399996
-88.92235870400017,16.538282203999962
-88.92235870400017,16.638282203999964
-88.92235870400017,16.73828220399996
-88.92235870400017,16.83828220399996
-88.92235870400017,16.93828220399996
-88.92235870400017,17.038282203999962
-88.92235870400017,17.13828220399996
-88.92235870400017,17.238282203999958
-88.92235870400017,17.33828220399996
-88.92235870400017,17.43828220399996
-88.92235870400017,17.53828220399996
-88.92235870400017,17.638282203999957
-88.92235870400017,17.738282203999958
-88.82235870400018,13.738282203999972
-88.82235870400018,13.838282203999972
-88.82235870400018,13.938282203999972
-88.82235870400018,14.038282203999971
-88.82235870400018,14.138282203999971
-88.82235870400018,14.23828220399997
-88.82235870400018,14.33828220399997
-88.82235870400018,14.43828220399997
-88.82235870400018,14.53828220399997
-88.82235870400018,14.63828220399997
-88.82235870400018,14.738282203999969
-88.82235870400018,14.838282203999968
-88.82235870400018,14.938282203999968
-88.82235870400018,15.038282203999968
-88.82235870400018,15.138282203999967
-88.82235870400018,15.238282203999967
-88.82235870400018,15.338282203999967
-88.82235870400018,15.438282203999966
-88.82235870400018,15.538282203999966
-88.82235870400018,15.638282203999966
-88.82235870400018,15.738282203999965
-88.82235870400018,15.838282203999965
-88.82235870400018,15.938282203999965
-88.82235870400018,16.038282203999962
-88.82235870400018,16.138282203999964
-88.82235870400018,16.238282203999965
-88.82235870400018,16.338282203999963
-88.82235870400018,16.43828220399996
-88.82235870400018,16.538282203999962
-88.82235870400018,16.638282203999964
-88.82235870400018,16.73828220399996
-88.82235870400018,16.83828220399996
-88.82235870400018,16.93828220399996
-88.82235870400018,17.038282203999962
-88.82235870400018,17.13828220399996
-88.82235870400018,17.238282203999958
-88.82235870400018,17.33828220399996
-88.82235870400018,17.43828220399996
-88.82235870400018,17.53828220399996
-88.82235870400018,17.638282203999957
-88.82235870400018,17.738282203999958
-88.72235870400019,13.738282203999972
-88.72235870400019,13.838282203999972
-88.72235870400019,13.938282203999972
-88.72235870400019,14.038282203999971
-88.72235870400019,14.138282203999971
-88.72235870400019,14.23828220399997
-88.72235870400019,14.33828220399997
-88.72235870400019,14.43828220399997
-88.72235870400019,14.53828220399997
-88.72235870400019,14.63828220399997
-88.72235870400019,14.738282203999969
-88.72235870400019,14.838282203999968
-88.72235870400019,14.938282203999968
-88.72235870400019,15.038282203999968
-88.72235870400019,15.138282203999967
-88.72235870400019,15.238282203999967
-88.72235870400019,15.338282203999967
-88.72235870400019,15.438282203999966
-88.72235870400019,15.538282203999966
-88.72235870400019,15.638282203999966
-88.72235870400019,15.738282203999965
-88.72235870400019,15.838282203999965
-88.72235870400019,15.938282203999965
-88.72235870400019,16.038282203999962
-88.72235870400019,16.138282203999964
-88.72235870400019,16.238282203999965
-88.72235870400019,16.338282203999963
-88.72235870400019,16.43828220399996
-88.72235870400019,16.538282203999962
-88.72235870400019,16.638282203999964
-88.72235870400019,16.73828220399996
-88.72235870400019,16.83828220399996
-88.72235870400019,16.93828220399996
-88.72235870400019,17.038282203999962
-88.72235870400019,17.13828220399996
-88.72235870400019,17.238282203999958
-88.72235870400019,17.33828220399996
-88.72235870400019,17.43828220399996
-88.72235870400019,17.53828220399996
-88.72235870400019,17.638282203999957
-88.72235870400019,17.738282203999958
-88.62235870400019,13.738282203999972
-88.62235870400019,13.838282203999972
-88.62235870400019,13.938282203999972
-88.62235870400019,14.038282203999971
-88.62235870400019,14.138282203999971
-88.62235870400019,14.23828220399997
-88.62235870400019,14.33828220399997
-88.62235870400019,14.43828220399997
-88.62235870400019,14.53828220399997
-88.62235870400019,14.63828220399997
-88.62235870400019,14.738282203999969
-88.62235870400019,14.838282203999968
-88.62235870400019,14.938282203999968
-88.62235870400019,15.038282203999968
-88.62235870400019,15.138282203999967
-88.62235870400019,15.238282203999967
-88.62235870400019,15.338282203999967
-88.62235870400019,15.438282203999966
-88.62235870400019,15.538282203999966
-88.62235870400019,15.638282203999966
-88.62235870400019,15.738282203999965
-88.62235870400019,15.838282203999965
-88.62235870400019,15.938282203999965
-88.62235870400019,16.038282203999962
-88.62235870400019,16.138282203999964
-88.62235870400019,16.238282203999965
-88.62235870400019,16.338282203999963
-88.62235870400019,16.43828220399996
-88.62235870400019,16.538282203999962
-88.62235870400019,16.638282203999964
-88.62235870400019,16.73828220399996
-88.62235870400019,16.83828220399996
-88.62235870400019,16.93828220399996
-88.62235870400019,17.038282203999962
-88.62235870400019,17.13828220399996
-88.62235870400019,17.238282203999958
-88.62235870400019,17.33828220399996
-88.62235870400019,17.43828220399996
-88.62235870400019,17.53828220399996
-88.62235870400019,17.638282203999957
-88.62235870400019,17.738282203999958
-88.5223587040002,13.738282203999972
-88.5223587040002,13.838282203999972
-88.5223587040002,13.938282203999972
-88.5223587040002,14.038282203999971
-88.5223587040002,14.138282203999971
-88.5223587040002,14.23828220399997
-88.5223587040002,14.33828220399997
-88.5223587040002,14.43828220399997
-88.5223587040002,14.53828220399997
-88.5223587040002,14.63828220399997
-88.5223587040002,14.738282203999969
-88.5223587040002,14.838282203999968
-88.5223587040002,14.938282203999968
-88.5223587040002,15.038282203999968
-88.5223587040002,15.138282203999967
-88.5223587040002,15.238282203999967
-88.5223587040002,15.338282203999967
-88.5223587040002,15.438282203999966
-88.5223587040002,15.538282203999966
-88.5223587040002,15.638282203999966
-88.5223587040002,15.738282203999965
-88.5223587040002,15.838282203999965
-88.5223587040002,15.938282203999965
-88.5223587040002,16.038282203999962
-88.5223587040002,16.138282203999964
-88.5223587040002,16.238282203999965
-88.5223587040002,16.338282203999963
-88.5223587040002,16.43828220399996
-88.5223587040002,16.538282203999962
-88.5223587040002,16.638282203999964
-88.5223587040002,16.73828220399996
-88.5223587040002,16.83828220399996
-88.5223587040002,16.93828220399996
-88.5223587040002,17.038282203999962
-88.5223587040002,17.13828220399996
-88.5223587040002,17.238282203999958
-88.5223587040002,17.33828220399996
-88.5223587040002,17.43828220399996
-88.5223587040002,17.53828220399996
-88.5223587040002,17.638282203999957
-88.5223587040002,17.738282203999958
-88.4223587040002,13.738282203999972
-88.4223587040002,13.838282203999972
-88.4223587040002,13.938282203999972
-88.4223587040002,14.038282203999971
-88.4223587040002,14.138282203999971
-88.4223587040002,14.23828220399997
-88.4223587040002,14.33828220399997
-88.4223587040002,14.43828220399997
-88.4223587040002,14.53828220399997
-88.4223587040002,14.63828220399997
-88.4223587040002,14.738282203999969
-88.4223587040002,14.838282203999968
-88.4223587040002,14.938282203999968
-88.4223587040002,15.038282203999968
-88.4223587040002,15.138282203999967
-88.4223587040002,15.238282203999967
-88.4223587040002,15.338282203999967
-88.4223587040002,15.438282203999966
-88.4223587040002,15.538282203999966
-88.4223587040002,15.638282203999966
-88.4223587040002,15.738282203999965
-88.4223587040002,15.838282203999965
-88.4223587040002,15.938282203999965
-88.4223587040002,16.038282203999962
-88.4223587040002,16.138282203999964
-88.4223587040002,16.238282203999965
-88.4223587040002,16.338282203999963
-88.4223587040002,16.43828220399996
-88.4223587040002,16.538282203999962
-88.4223587040002,16.638282203999964
-88.4223587040002,16.73828220399996
-88.4223587040002,16.83828220399996
-88.4223587040002,16.93828220399996
-88.4223587040002,17.038282203999962
-88.4223587040002,17.13828220399996
-88.4223587040002,17.238282203999958
-88.4223587040002,17.33828220399996
-88.4223587040002,17.43828220399996
-88.4223587040002,17.53828220399996
-88.4223587040002,17.638282203999957
-88.4223587040002,17.738282203999958
-88.32235870400021,13.738282203999972
-88.32235870400021,13.838282203999972
-88.32235870400021,13.938282203999972
-88.32235870400021,14.038282203999971
-88.32235870400021,14.138282203999971
-88.32235870400021,14.23828220399997
-88.32235870400021,14.33828220399997
-88.32235870400021,14.43828220399997
-88.32235870400021,14.53828220399997
-88.32235870400021,14.63828220399997
-88.32235870400021,14.738282203999969
-88.32235870400021,14.838282203999968
-88.32235870400021,14.938282203999968
-88.32235870400021,15.038282203999968
-88.32235870400021,15.138282203999967
-88.32235870400021,15.238282203999967
-88.32235870400021,15.338282203999967
-88.32235870400021,15.438282203999966
-88.32235870400021,15.538282203999966
-88.32235870400021,15.638282203999966
-88.32235870400021,15.738282203999965
-88.32235870400021,15.838282203999965
-88.32235870400021,15.938282203999965
-88.32235870400021,16.038282203999962
-88.32235870400021,16.138282203999964
-88.32235870400021,16.238282203999965
-88.32235870400021,16.338282203999963
-88.32235870400021,16.43828220399996
-88.32235870400021,16.538282203999962
-88.32235870400021,16.638282203999964
-88.32235870400021,16.73828220399996
-88.32235870400021,16.83828220399996
-88.32235870400021,16.93828220399996
-88.32235870400021,17.038282203999962
-88.32235870400021,17.13828220399996
-88.32235870400021,17.238282203999958
-88.32235870400021,17.33828220399996
-88.32235870400021,17.43828220399996
-88.32235870400021,17.53828220399996
-88.32235870400021,17.638282203999957
-88.32235870400021,17.738282203999958
